{
    "rmse": 0.7956143479766618,
    "mae": 0.6386052160651834,
    "r2": 0.08124069711335147
}