{
    "rmse": 0.7642514808146258,
    "mae": 0.632268002201309,
    "r2": 0.090925562758991
}