{
    "precision": 0.5035034268771273,
    "recall": 0.32628499824012647,
    "f1_score": 0.34379626596648966
}